Net Asset Value,NAV date
61.46,01-Jan-13
61.91,02-Jan-13
62.49,03-Jan-13
62.5,04-Jan-13
62.36,07-Jan-13
62.11,08-Jan-13
62.03,09-Jan-13
61.86,10-Jan-13
61.25,11-Jan-13
61.79,14-Jan-13
61.57,15-Jan-13
60.98,16-Jan-13
61,17-Jan-13
60.64,18-Jan-13
60.68,21-Jan-13
60.13,22-Jan-13
59.86,23-Jan-13
59.19,24-Jan-13
59.94,25-Jan-13
60.1,28-Jan-13
60.04,29-Jan-13
59.88,30-Jan-13
60.4,31-Jan-13
60.47,01-Feb-13
59.8,04-Feb-13
59.46,05-Feb-13
59.36,06-Feb-13
58.98,07-Feb-13
58.51,08-Feb-13
58.42,11-Feb-13
58.6028,12-Feb-13
58.5663,13-Feb-13
58.2675,14-Feb-13
58.0975,15-Feb-13
57.9542,18-Feb-13
58.6486,19-Feb-13
58.8041,20-Feb-13
57.8888,21-Feb-13
57.7746,22-Feb-13
57.176,25-Feb-13
56.3723,26-Feb-13
56.7591,27-Feb-13
55.7867,28-Feb-13
56.019,01-Mar-13
55.1017,04-Mar-13
55.5227,05-Mar-13
55.9325,06-Mar-13
56.3966,07-Mar-13
56.6603,08-Mar-13
56.5404,11-Mar-13
56.219,12-Mar-13
55.8373,13-Mar-13
56.1815,14-Mar-13
55.8633,15-Mar-13
55.822,18-Mar-13
55.2711,19-Mar-13
54.3702,20-Mar-13
53.635,21-Mar-13
53.6223,22-Mar-13
53.3205,25-Mar-13
53.2861,26-Mar-13
53.764,28-Mar-13
53.7559,31-Mar-13
53.9305,01-Apr-13
54.7143,02-Apr-13
54.8026,03-Apr-13
53.6945,04-Apr-13
53.9793,05-Apr-13
53.6874,08-Apr-13
53.4141,09-Apr-13
53.5763,10-Apr-13
53.6301,11-Apr-13
53.6012,12-Apr-13
53.7984,15-Apr-13
54.0772,16-Apr-13
53.9308,17-Apr-13
54.427,18-Apr-13
54.9906,22-Apr-13
54.9546,23-Apr-13
55.5362,25-Apr-13
55.3976,26-Apr-13
55.6952,29-Apr-13
55.504,30-Apr-13
56.1436,02-May-13
56.3974,03-May-13
56.8278,06-May-13
57.2079,07-May-13
57.3465,08-May-13
57.3499,09-May-13
57.478,10-May-13
57.0675,13-May-13
57.2502,14-May-13
58.1825,15-May-13
58.2339,16-May-13
58.6386,17-May-13
58.3247,20-May-13
57.7558,21-May-13
57.5054,22-May-13
56.603,23-May-13
57.036,24-May-13
57.1668,27-May-13
57.2471,28-May-13
56.7504,29-May-13
57.1248,30-May-13
56.4975,31-May-13
56.3168,03-Jun-13
56.4264,04-Jun-13
57.1938,05-Jun-13
56.9855,06-Jun-13
56.5435,07-Jun-13
55.9675,10-Jun-13
54.5043,11-Jun-13
54.3416,12-Jun-13
53.9797,13-Jun-13
54.4525,14-Jun-13
54.5537,17-Jun-13
54.3371,18-Jun-13
54.2648,19-Jun-13
53.2085,20-Jun-13
52.8958,21-Jun-13
52.0016,24-Jun-13
51.8019,25-Jun-13
51.7771,26-Jun-13
51.9855,27-Jun-13
52.9963,28-Jun-13
53.9706,01-Jul-13
53.8244,02-Jul-13
53.1762,03-Jul-13
53.3686,04-Jul-13
53.4912,05-Jul-13
53.2388,08-Jul-13
53.5581,09-Jul-13
53.525,10-Jul-13
53.9322,11-Jul-13
54.08,12-Jul-13
54.3884,15-Jul-13
53.8147,16-Jul-13
53.5928,17-Jul-13
53.6832,18-Jul-13
53.2397,19-Jul-13
52.9979,22-Jul-13
53.0521,23-Jul-13
52.2667,24-Jul-13
51.8516,25-Jul-13
51.5123,26-Jul-13
51.4704,29-Jul-13
50.6871,30-Jul-13
50.1962,31-Jul-13
50.0295,01-Aug-13
49.6762,02-Aug-13
49.7141,05-Aug-13
48.6139,06-Aug-13
48.9069,07-Aug-13
49.1109,08-Aug-13
49.8433,12-Aug-13
49.9733,13-Aug-13
50.1843,14-Aug-13
49.1555,16-Aug-13
48.2624,19-Aug-13
48.2392,20-Aug-13
48.3704,21-Aug-13
48.5404,22-Aug-13
48.6543,23-Aug-13
48.9,26-Aug-13
47.7295,27-Aug-13
47.6884,28-Aug-13
47.8344,29-Aug-13
47.7604,30-Aug-13
47.8478,02-Sep-13
47.2834,03-Sep-13
47.5825,04-Sep-13
48.2139,05-Sep-13
48.3994,06-Sep-13
48.9141,10-Sep-13
49.255,11-Sep-13
49.1784,12-Sep-13
48.8774,13-Sep-13
48.5482,16-Sep-13
48.8924,17-Sep-13
49.3364,18-Sep-13
50.0311,19-Sep-13
50.0624,20-Sep-13
49.8273,23-Sep-13
49.8133,24-Sep-13
49.5558,25-Sep-13
49.3774,26-Sep-13
49.6157,27-Sep-13
49.4435,30-Sep-13
49.8153,01-Oct-13
50.0557,03-Oct-13
50.2386,04-Oct-13
50.236,07-Oct-13
50.4519,08-Oct-13
50.7088,09-Oct-13
51.1029,10-Oct-13
51.3166,11-Oct-13
51.1571,14-Oct-13
50.6658,15-Oct-13
50.7088,17-Oct-13
51.1674,18-Oct-13
51.3673,21-Oct-13
51.9821,22-Oct-13
51.7257,23-Oct-13
51.4718,24-Oct-13
51.44,25-Oct-13
51.3283,28-Oct-13
51.8474,29-Oct-13
51.7627,30-Oct-13
51.7179,31-Oct-13
52.1697,01-Nov-13
52.7226,05-Nov-13
53.0869,06-Nov-13
52.5496,07-Nov-13
52.3292,08-Nov-13
52.3433,11-Nov-13
52.2866,12-Nov-13
52.1747,13-Nov-13
52.3492,14-Nov-13
52.6127,18-Nov-13
52.993,19-Nov-13
53.0409,20-Nov-13
52.8444,21-Nov-13
52.8865,22-Nov-13
53.5251,25-Nov-13
53.2283,26-Nov-13
53.3177,27-Nov-13
53.6731,28-Nov-13
54.0973,29-Nov-13
54.4787,02-Dec-13
54.3275,03-Dec-13
54.5153,04-Dec-13
54.8721,05-Dec-13
55.0464,06-Dec-13
54.7687,09-Dec-13
54.4923,10-Dec-13
54.7422,11-Dec-13
54.5224,12-Dec-13
54.3334,13-Dec-13
54.601,16-Dec-13
54.5276,17-Dec-13
54.7561,18-Dec-13
54.7107,19-Dec-13
54.8431,20-Dec-13
55.053,23-Dec-13
55.1538,24-Dec-13
55.6236,26-Dec-13
55.9718,27-Dec-13
56.231,30-Dec-13
56.3634,31-Dec-13
56.4587,01-Jan-14
55.9263,02-Jan-14
56.2398,03-Jan-14
56.0794,06-Jan-14
56.2764,07-Jan-14
56.7363,08-Jan-14
56.6229,09-Jan-14
56.463,10-Jan-14
56.3234,13-Jan-14
56.497,14-Jan-14
56.6514,15-Jan-14
56.4996,16-Jan-14
56.0628,17-Jan-14
56.001,20-Jan-14
56.1126,21-Jan-14
56.4412,22-Jan-14
56.4769,23-Jan-14
55.9252,24-Jan-14
54.8345,27-Jan-14
54.4574,28-Jan-14
54.2227,29-Jan-14
53.8464,30-Jan-14
54.1718,31-Jan-14
54.0217,03-Feb-14
54.2486,04-Feb-14
54.0898,05-Feb-14
54.1153,06-Feb-14
54.2406,07-Feb-14
54.0566,10-Feb-14
54.0411,11-Feb-14
53.9923,12-Feb-14
53.5903,13-Feb-14
53.6316,14-Feb-14
53.4843,17-Feb-14
53.8449,18-Feb-14
54.0564,19-Feb-14
54.2698,20-Feb-14
54.5512,21-Feb-14
54.6073,24-Feb-14
54.6489,25-Feb-14
54.5015,26-Feb-14
54.75,28-Feb-14
55.0641,03-Mar-14
55.3023,04-Mar-14
55.3813,05-Mar-14
55.8871,06-Mar-14
56.2138,07-Mar-14
56.5558,10-Mar-14
56.3789,11-Mar-14
56.5426,12-Mar-14
56.5224,13-Mar-14
56.3451,14-Mar-14
57.1559,18-Mar-14
57.3583,19-Mar-14
57.1939,20-Mar-14
57.4921,21-Mar-14
57.7707,24-Mar-14
57.9624,25-Mar-14
58.2011,26-Mar-14
58.3291,27-Mar-14
58.9141,28-Mar-14
59.3896,31-Mar-14
59.204,01-Apr-14
59.6073,02-Apr-14
59.8403,03-Apr-14
59.6052,04-Apr-14
59.3566,07-Apr-14
59.8906,09-Apr-14
59.8048,10-Apr-14
59.9108,11-Apr-14
59.861,15-Apr-14
59.9393,16-Apr-14
60.4447,17-Apr-14
60.9199,21-Apr-14
60.8606,22-Apr-14
60.7784,23-Apr-14
60.8223,25-Apr-14
60.8834,28-Apr-14
60.6011,29-Apr-14
60.6804,30-Apr-14
60.5794,02-May-14
60.0771,05-May-14
60.3211,06-May-14
60.6078,07-May-14
60.9932,08-May-14
61.6408,09-May-14
61.9173,12-May-14
62.3318,13-May-14
62.1712,14-May-14
61.9852,15-May-14
62.1698,16-May-14
63.3013,19-May-14
64.4093,20-May-14
64.8647,21-May-14
65.6477,22-May-14
66.1231,23-May-14
65.2493,26-May-14
65.421,27-May-14
66.528,28-May-14
66.2786,29-May-14
66.8636,30-May-14
67.5528,02-Jun-14
67.4445,03-Jun-14
67.9881,04-Jun-14
68.5177,05-Jun-14
69.7267,06-Jun-14
70.6534,09-Jun-14
70.5892,10-Jun-14
70.2182,11-Jun-14
71.1795,12-Jun-14
70.3173,13-Jun-14
70.1802,16-Jun-14
70.9854,17-Jun-14
71.2235,18-Jun-14
70.6625,19-Jun-14
70.3686,20-Jun-14
71.0537,23-Jun-14
71.3004,24-Jun-14
71.73,25-Jun-14
71.7235,26-Jun-14
71.8293,27-Jun-14
72.8508,30-Jun-14
74.1391,01-Jul-14
75.0141,02-Jul-14
75.2557,03-Jul-14
75.9569,04-Jul-14
76.2413,07-Jul-14
75.0886,08-Jul-14
74.306,09-Jul-14
74.7934,10-Jul-14
73.4443,11-Jul-14
73.3063,14-Jul-14
74.1208,15-Jul-14
75.0229,16-Jul-14
75.3854,17-Jul-14
75.4162,18-Jul-14
76.6352,21-Jul-14
76.8966,22-Jul-14
76.6685,23-Jul-14
76.7343,24-Jul-14
75.656,25-Jul-14
75.4134,28-Jul-14
75.7389,30-Jul-14
76.0834,31-Jul-14
75.5523,01-Aug-14
76.2073,04-Aug-14
76.6605,05-Aug-14
76.1243,06-Aug-14
75.9513,07-Aug-14
74.7032,08-Aug-14
75.0921,11-Aug-14
75.067,12-Aug-14
74.5725,13-Aug-14
75.1225,14-Aug-14
76.3704,18-Aug-14
77.1446,19-Aug-14
77.715,20-Aug-14
78.4062,21-Aug-14
78.599,22-Aug-14
78.1378,25-Aug-14
77.6488,26-Aug-14
78.3664,27-Aug-14
78.698,28-Aug-14
79.6933,01-Sep-14
80.4899,02-Sep-14
80.7029,03-Sep-14
80.6645,04-Sep-14
80.7737,05-Sep-14
81.4005,08-Sep-14
81.5259,09-Sep-14
81.9145,10-Sep-14
83.4382,11-Sep-14
84.0516,12-Sep-14
84.4125,15-Sep-14
81.9789,16-Sep-14
81.5789,17-Sep-14
82.5728,18-Sep-14
82.4635,19-Sep-14
82.7618,22-Sep-14
81.1827,23-Sep-14
80.7749,24-Sep-14
79.7052,25-Sep-14
80.0689,26-Sep-14
81.1372,29-Sep-14
81.6823,30-Sep-14
81.913,01-Oct-14
81.0457,07-Oct-14
80.9128,08-Oct-14
81.8883,09-Oct-14
81.0083,10-Oct-14
80.946,13-Oct-14
80.8799,14-Oct-14
79.5121,16-Oct-14
79.3963,17-Oct-14
79.9367,20-Oct-14
79.7948,21-Oct-14
80.3391,22-Oct-14
80.8682,27-Oct-14
80.7897,28-Oct-14
81.722,29-Oct-14
82.1501,30-Oct-14
82.9251,31-Oct-14
83.1269,03-Nov-14
83.0982,05-Nov-14
83.4693,07-Nov-14
83.1907,10-Nov-14
82.9507,11-Nov-14
83.315,12-Nov-14
83.8894,13-Nov-14
84.3802,14-Nov-14
85.4357,17-Nov-14
86.232,18-Nov-14
85.9537,19-Nov-14
85.8254,20-Nov-14
86.3129,21-Nov-14
86.4944,24-Nov-14
85.2022,25-Nov-14
85.4618,26-Nov-14
85.725,27-Nov-14
86.378,28-Nov-14
86.3419,01-Dec-14
86.9313,02-Dec-14
87.7619,03-Dec-14
87.8654,04-Dec-14
88.6855,05-Dec-14
88.107,08-Dec-14
86.9923,09-Dec-14
87.5129,10-Dec-14
87.7071,11-Dec-14
86.9435,12-Dec-14
86.6594,15-Dec-14
84.7205,16-Dec-14
84.4152,17-Dec-14
86.2498,18-Dec-14
86.4029,19-Dec-14
86.7882,22-Dec-14
87.1035,23-Dec-14
87.3255,24-Dec-14
87.1993,26-Dec-14
88.4565,29-Dec-14
88.603,30-Dec-14
89.0626,31-Dec-14
89.7796,01-Jan-15
90.4538,02-Jan-15
90.3654,05-Jan-15
88.3963,06-Jan-15
87.9565,07-Jan-15
89.7056,08-Jan-15
89.9192,09-Jan-15
90.1422,12-Jan-15
90.1162,13-Jan-15
90.5827,14-Jan-15
91.6031,15-Jan-15
91.8649,16-Jan-15
92.1428,19-Jan-15
92.5487,20-Jan-15
92.6058,21-Jan-15
92.6996,22-Jan-15
92.5212,23-Jan-15
93.4859,27-Jan-15
93.4792,28-Jan-15
94.163,29-Jan-15
93.4043,30-Jan-15
93.2286,02-Feb-15
92.9683,03-Feb-15
91.8633,04-Feb-15
91.0176,05-Feb-15
90.4789,06-Feb-15
89.4523,09-Feb-15
89.6198,10-Feb-15
90.5534,11-Feb-15
91.4763,12-Feb-15
91.6639,13-Feb-15
92.3953,16-Feb-15
93.1164,18-Feb-15
93.7559,19-Feb-15
93.8828,20-Feb-15
92.6,23-Feb-15
91.9936,24-Feb-15
91.7793,25-Feb-15
90.8926,26-Feb-15
91.7834,27-Feb-15
92.9552,02-Mar-15
94.15,03-Mar-15
93.8024,04-Mar-15
94.1429,05-Mar-15
93.0064,09-Mar-15
92.3707,10-Mar-15
92.5064,11-Mar-15
93.2629,12-Mar-15
92.3253,13-Mar-15
92.1586,16-Mar-15
92.2384,17-Mar-15
92.6162,18-Mar-15
92.3695,19-Mar-15
91.4771,20-Mar-15
90.3811,23-Mar-15
90.1604,24-Mar-15
89.664,25-Mar-15
89.276,26-Mar-15
89.4187,27-Mar-15
91.4068,30-Mar-15
91.3274,31-Mar-15
92.3171,01-Apr-15
93.0512,06-Apr-15
93.3256,07-Apr-15
94.2363,08-Apr-15
94.4786,09-Apr-15
94.5779,10-Apr-15
94.6253,13-Apr-15
94.1891,15-Apr-15
93.4966,16-Apr-15
93.0972,17-Apr-15
91.4502,20-Apr-15
91.2228,21-Apr-15
91.0266,22-Apr-15
90.7874,23-Apr-15
89.8766,24-Apr-15
88.2166,27-Apr-15
89.0032,28-Apr-15
89.4503,29-Apr-15
89.3421,30-Apr-15
89.8656,04-May-15
90.3886,05-May-15
88.5144,06-May-15
87.3284,07-May-15
87.499,08-May-15
88.3051,11-May-15
87.2768,12-May-15
88.0871,13-May-15
88.4311,14-May-15
89.1489,15-May-15
89.8204,18-May-15
89.5074,19-May-15
89.8799,20-May-15
90.2968,21-May-15
90.4953,22-May-15
90.1855,25-May-15
89.7593,26-May-15
89.7154,27-May-15
89.0625,28-May-15
88.9857,29-May-15
89.0855,01-Jun-15
87.5402,02-Jun-15
86.8309,03-Jun-15
86.8045,04-Jun-15
86.911,05-Jun-15
86.1701,08-Jun-15
85.7253,09-Jun-15
86.4573,10-Jun-15
85.7274,11-Jun-15
85.3044,12-Jun-15
85.7221,15-Jun-15
85.8601,16-Jun-15
86.6133,17-Jun-15
87.4541,18-Jun-15
87.2585,19-Jun-15
87.8437,22-Jun-15
88.5956,23-Jun-15
88.4268,24-Jun-15
88.3591,25-Jun-15
88.8136,26-Jun-15
87.9344,29-Jun-15
89.2117,30-Jun-15
89.9874,01-Jul-15
90.278,02-Jul-15
90.5168,03-Jul-15
91.229,06-Jul-15
91.5092,07-Jul-15
90.5177,08-Jul-15
90.584,09-Jul-15
91.0005,10-Jul-15
91.3306,13-Jul-15
91.1938,14-Jul-15
91.2382,15-Jul-15
91.7905,16-Jul-15
92.0509,17-Jul-15
92.1516,20-Jul-15
91.367,21-Jul-15
91.6938,22-Jul-15
91.6811,23-Jul-15
90.8966,24-Jul-15
89.8249,27-Jul-15
90.3005,28-Jul-15
90.8246,29-Jul-15
91.7744,30-Jul-15
92.8388,31-Jul-15
93.0955,03-Aug-15
93.3926,04-Aug-15
94.3343,05-Aug-15
94.7242,06-Aug-15
94.4987,07-Aug-15
95.4353,10-Aug-15
94.6498,11-Aug-15
93.1377,12-Aug-15
93.0044,13-Aug-15
94.6535,14-Aug-15
94.3962,17-Aug-15
95.2812,18-Aug-15
96.0142,19-Aug-15
94.6876,20-Aug-15
93.9735,21-Aug-15
88.7685,24-Aug-15
89.132,25-Aug-15
89.1443,26-Aug-15
90.7596,27-Aug-15
90.566,28-Aug-15
90.2641,31-Aug-15
88.7415,01-Sep-15
88.5347,02-Sep-15
89.3082,03-Sep-15
88.2971,04-Sep-15
86.9664,07-Sep-15
87.1734,08-Sep-15
88.2376,09-Sep-15
88.4321,10-Sep-15
88.5237,11-Sep-15
89.2989,14-Sep-15
88.9004,15-Sep-15
88.8484,16-Sep-15
89.9543,18-Sep-15
90.1684,21-Sep-15
88.7396,22-Sep-15
89.4269,23-Sep-15
89.6151,24-Sep-15
89.4086,28-Sep-15
89.5427,29-Sep-15
89.8634,30-Sep-15
89.917,01-Oct-15
91.0102,05-Oct-15
91.2627,06-Oct-15
91.7606,07-Oct-15
91.5081,08-Oct-15
92.4415,09-Oct-15
92.2977,12-Oct-15
92.1615,13-Oct-15
92.3122,14-Oct-15
92.5847,15-Oct-15
92.8022,16-Oct-15
92.7912,19-Oct-15
93.3735,20-Oct-15
93.2481,21-Oct-15
93.2523,23-Oct-15
93.17,26-Oct-15
93.6031,27-Oct-15
93.4117,28-Oct-15
93.4476,29-Oct-15
93.2147,30-Oct-15
92.7249,02-Nov-15
93.0765,03-Nov-15
93.2034,04-Nov-15
91.9088,05-Nov-15
91.2431,06-Nov-15
91.845,09-Nov-15
90.5435,10-Nov-15
90.5325,13-Nov-15
90.6857,16-Nov-15
91.0013,17-Nov-15
90.5728,18-Nov-15
91.4373,19-Nov-15
91.7559,20-Nov-15
91.9015,23-Nov-15
91.5089,24-Nov-15
91.2837,26-Nov-15
91.8516,27-Nov-15
91.9447,30-Nov-15
91.6006,01-Dec-15
91.4513,02-Dec-15
91.1069,03-Dec-15
90.4397,04-Dec-15
90.5965,07-Dec-15
89.9757,08-Dec-15
88.9343,09-Dec-15
89.6501,10-Dec-15
89.4129,11-Dec-15
89.5552,14-Dec-15
90.3261,15-Dec-15
90.3285,16-Dec-15
91.2865,17-Dec-15
90.7527,18-Dec-15
91.0941,21-Dec-15
90.7013,22-Dec-15
91.1113,23-Dec-15
91.4663,24-Dec-15
92.2298,28-Dec-15
92.145,29-Dec-15
92.2962,30-Dec-15
92.9195,31-Dec-15
93.9729,01-Jan-16
93.0077,04-Jan-16
93.1634,05-Jan-16
92.7963,06-Jan-16
90.9185,07-Jan-16
91.8399,08-Jan-16
91.2507,11-Jan-16
90.7295,12-Jan-16
89.7447,13-Jan-16
89.1634,14-Jan-16
87.9119,15-Jan-16
85.5549,18-Jan-16
86.5937,19-Jan-16
85.3181,20-Jan-16
85.2066,21-Jan-16
86.235,22-Jan-16
86.5525,25-Jan-16
86.8301,27-Jan-16
86.6942,28-Jan-16
87.4306,29-Jan-16
88.1534,01-Feb-16
87.9953,02-Feb-16
86.7309,03-Feb-16
86.488,04-Feb-16
87.192,05-Feb-16
87.975,08-Feb-16
87.3706,09-Feb-16
86.3891,10-Feb-16
83.9061,11-Feb-16
83.0375,12-Feb-16
84.368,15-Feb-16
84.0088,16-Feb-16
84.4891,17-Feb-16
85.1869,18-Feb-16
85.0602,19-Feb-16
84.9292,22-Feb-16
84.0366,23-Feb-16
83.0184,24-Feb-16
82.903,25-Feb-16
82.5557,26-Feb-16
82.2006,29-Feb-16
83.7788,01-Mar-16
85.3808,02-Mar-16
86.2707,03-Mar-16
86.4251,04-Mar-16
86.9527,08-Mar-16
87.2572,09-Mar-16
87.3289,10-Mar-16
87.4223,11-Mar-16
87.6322,14-Mar-16
87.0724,15-Mar-16
87.5219,16-Mar-16
88.2307,17-Mar-16
88.9981,18-Mar-16
89.5089,21-Mar-16
88.9234,22-Mar-16
89.195,23-Mar-16
88.6177,28-Mar-16
88.5468,29-Mar-16
89.3614,30-Mar-16
90.0162,31-Mar-16
90.114,01-Apr-16
90.8694,04-Apr-16
89.8238,05-Apr-16
90.0877,06-Apr-16
89.8293,07-Apr-16
90.4966,08-Apr-16
91.5634,11-Apr-16
92.7546,12-Apr-16
93.4673,13-Apr-16
94.2041,18-Apr-16
94.3777,20-Apr-16
94.446,21-Apr-16
94.2404,22-Apr-16
94.1745,25-Apr-16
94.7101,26-Apr-16
95.2677,27-Apr-16
94.7401,28-Apr-16
95.0542,29-Apr-16
95.3529,02-May-16
94.8405,03-May-16
93.9767,04-May-16
94.0108,05-May-16
93.3375,06-May-16
94.063,09-May-16
94.011,10-May-16
94.1642,11-May-16
95.0277,12-May-16
94.8475,13-May-16
94.719,16-May-16
95.0055,17-May-16
94.7511,18-May-16
93.5624,19-May-16
93.4358,20-May-16
93.916,23-May-16
93.4294,24-May-16
94.0449,25-May-16
94.8123,26-May-16
95.1833,27-May-16
95.4013,30-May-16
95.7249,31-May-16
95.8457,01-Jun-16
96.1001,02-Jun-16
96.2944,03-Jun-16
96.2091,06-Jun-16
97.0077,07-Jun-16
96.8815,08-Jun-16
96.2753,09-Jun-16
96.1781,10-Jun-16
95.693,13-Jun-16
95.6056,14-Jun-16
96.193,15-Jun-16
95.7844,16-Jun-16
95.7429,17-Jun-16
95.7611,20-Jun-16
95.3215,21-Jun-16
95.1786,22-Jun-16
95.258,23-Jun-16
94.104,24-Jun-16
94.5773,27-Jun-16
95.4322,28-Jun-16
96.5314,29-Jun-16
97.1541,30-Jun-16
97.7367,01-Jul-16
99.052,04-Jul-16
99.1344,05-Jul-16
98.7622,07-Jul-16
98.7864,08-Jul-16
99.864,11-Jul-16
99.5241,12-Jul-16
99.3212,13-Jul-16
100.1729,14-Jul-16
100.3055,15-Jul-16
100.0042,18-Jul-16
100.1595,19-Jul-16
101.0284,20-Jul-16
100.8493,21-Jul-16
101.4866,22-Jul-16
102.2793,25-Jul-16
101.8204,26-Jul-16
101.6344,27-Jul-16
102.0322,28-Jul-16
102.5459,29-Jul-16
101.7236,01-Aug-16
100.8874,02-Aug-16
99.8292,03-Aug-16
99.9801,04-Aug-16
100.9504,05-Aug-16
101.7754,08-Aug-16
101.8764,09-Aug-16
100.7571,10-Aug-16
100.7637,11-Aug-16
100.9259,12-Aug-16
101.7578,16-Aug-16
101.6943,17-Aug-16
102.9294,18-Aug-16
103.3292,19-Aug-16
103.8098,22-Aug-16
103.3785,23-Aug-16
104.0957,24-Aug-16
103.6469,25-Aug-16
103.2635,26-Aug-16
103.1811,29-Aug-16
104.5085,30-Aug-16
105.2863,31-Aug-16
104.4453,01-Sep-16
105.3533,02-Sep-16
105.695,06-Sep-16
105.4935,07-Sep-16
106.1515,08-Sep-16
105.6359,09-Sep-16
104.4524,12-Sep-16
104.763,14-Sep-16
105.2225,15-Sep-16
106.0744,16-Sep-16
106.3784,19-Sep-16
105.9547,20-Sep-16
106.0361,21-Sep-16
107.2093,22-Sep-16
106.7212,23-Sep-16
105.7042,26-Sep-16
105.8881,27-Sep-16
106.1496,28-Sep-16
103.319,29-Sep-16
104.2198,30-Sep-16
105.9928,03-Oct-16
106.3623,04-Oct-16
106.838,05-Oct-16
106.827,06-Oct-16
106.9449,07-Oct-16
106.9141,10-Oct-16
105.3188,13-Oct-16
105.279,14-Oct-16
104.3322,17-Oct-16
105.8955,18-Oct-16
105.4246,19-Oct-16
105.7991,20-Oct-16
106.3402,21-Oct-16
106.5424,24-Oct-16
106.6224,25-Oct-16
105.6864,26-Oct-16
105.814,27-Oct-16
106.5078,28-Oct-16
106.8513,01-Nov-16
105.9476,02-Nov-16
105.3954,03-Nov-16
104.0853,04-Nov-16
104.6176,07-Nov-16
104.6723,08-Nov-16
104.2059,09-Nov-16
105.4223,10-Nov-16
103.3688,11-Nov-16
99.7268,15-Nov-16
99.1909,16-Nov-16
98.9769,17-Nov-16
99.11,18-Nov-16
97.0397,21-Nov-16
97.9197,22-Nov-16
97.8158,23-Nov-16
96.7958,24-Nov-16
98.2327,25-Nov-16
99.4697,28-Nov-16
99.4059,29-Nov-16
100.0556,30-Nov-16
99.2978,01-Dec-16
98.0188,02-Dec-16
98.7182,05-Dec-16
99.0108,06-Dec-16
98.7665,07-Dec-16
99.6511,08-Dec-16
99.5984,09-Dec-16
98.7063,12-Dec-16
99.0848,13-Dec-16
98.8827,14-Dec-16
98.7096,15-Dec-16
98.6594,16-Dec-16
98.2641,19-Dec-16
97.223,20-Dec-16
97.0315,21-Dec-16
95.9031,22-Dec-16
93.6709,23-Dec-16
91.8679,26-Dec-16
93.2981,27-Dec-16
94.2453,28-Dec-16
94.8341,29-Dec-16
94.9869,30-Dec-16
95.4993,02-Jan-17
95.7092,03-Jan-17
95.337,04-Jan-17
96.257,05-Jan-17
96.1652,06-Jan-17
95.8789,09-Jan-17
96.5468,10-Jan-17
97.3637,11-Jan-17
97.4149,12-Jan-17
97.5852,13-Jan-17
97.901,16-Jan-17
97.9271,17-Jan-17
98.3476,18-Jan-17
99.2185,19-Jan-17
98.1063,20-Jan-17
97.69,23-Jan-17
98.4397,24-Jan-17
99.2502,25-Jan-17
99.8829,27-Jan-17
99.4637,30-Jan-17
99.1283,31-Jan-17
100.2166,01-Feb-17
100.9439,02-Feb-17
101.8657,03-Feb-17
102.7138,06-Feb-17
102.2589,07-Feb-17
102.0141,08-Feb-17
102.4396,09-Feb-17
102.5661,10-Feb-17
101.9702,13-Feb-17
101.6978,14-Feb-17
101.2359,15-Feb-17
101.9676,16-Feb-17
102.9254,17-Feb-17
103.2869,20-Feb-17
103.7258,21-Feb-17
103.301,22-Feb-17
103.2716,23-Feb-17
103.0743,27-Feb-17
103.1862,28-Feb-17
103.9256,01-Mar-17
103.3118,02-Mar-17
103.4345,03-Mar-17
103.1081,06-Mar-17
103.2082,07-Mar-17
103.1735,08-Mar-17
102.8359,09-Mar-17
102.7589,10-Mar-17
103.5929,14-Mar-17
104.0769,15-Mar-17
105.0148,16-Mar-17
104.6746,17-Mar-17
105.3606,20-Mar-17
103.5195,21-Mar-17
102.7238,22-Mar-17
103.0622,23-Mar-17
103.3595,24-Mar-17
103.3296,27-Mar-17
103.9891,28-Mar-17
104.9031,29-Mar-17
106.3011,30-Mar-17
107.2962,31-Mar-17
107.8214,03-Apr-17
109.0695,05-Apr-17
109.1074,06-Apr-17
108.2062,07-Apr-17
109.0904,10-Apr-17
109.2752,11-Apr-17
108.585,12-Apr-17
108.3643,13-Apr-17
108.2325,17-Apr-17
108.2403,18-Apr-17
108.5341,19-Apr-17
109.2282,20-Apr-17
109.1085,21-Apr-17
109.0951,24-Apr-17
109.7753,25-Apr-17
109.0366,26-Apr-17
109.1423,27-Apr-17
108.9347,28-Apr-17
108.5925,02-May-17
108.8716,03-May-17
109.4315,04-May-17
109.0549,05-May-17
109.6288,08-May-17
110.1565,09-May-17
111.0393,10-May-17
110.6254,11-May-17
110.7689,12-May-17
111.5209,15-May-17
111.6585,16-May-17
111.6353,17-May-17
110.3849,18-May-17
109.49,19-May-17
108.8377,22-May-17
107.3878,23-May-17
106.3877,24-May-17
107.6638,25-May-17
108.7921,26-May-17
108.1391,29-May-17
108.6523,30-May-17
109.1701,31-May-17
109.7523,01-Jun-17
111.4254,02-Jun-17
111.8646,05-Jun-17
111.5794,06-Jun-17
112.197,07-Jun-17
112.486,08-Jun-17
113.1877,09-Jun-17
113.7279,12-Jun-17
113.807,13-Jun-17
113.5775,14-Jun-17
114.0293,15-Jun-17
114.2152,16-Jun-17
114.2511,19-Jun-17
114.3824,20-Jun-17
114.3854,21-Jun-17
114.1827,22-Jun-17
113.2729,23-Jun-17
112.7447,27-Jun-17
112.4685,28-Jun-17
112.7535,29-Jun-17
113.1973,30-Jun-17
114.1275,03-Jul-17
113.8074,04-Jul-17
114.528,05-Jul-17
114.9086,06-Jul-17
115.7672,07-Jul-17
116.9232,10-Jul-17
116.4899,11-Jul-17
117.847,12-Jul-17
118.7625,13-Jul-17
117.9673,14-Jul-17
117.9536,17-Jul-17
117.6892,18-Jul-17
118.573,19-Jul-17
118.0373,20-Jul-17
117.6793,21-Jul-17
117.6654,24-Jul-17
117.4732,25-Jul-17
117.6856,26-Jul-17
117.3268,27-Jul-17
118.3951,28-Jul-17
118.4997,31-Jul-17
118.5524,01-Aug-17
117.7009,02-Aug-17
116.8398,03-Aug-17
117.4739,04-Aug-17
117.829,07-Aug-17
117.0991,08-Aug-17
115.413,09-Aug-17
113.4123,10-Aug-17
113.4932,11-Aug-17
114.7838,14-Aug-17
115.704,16-Aug-17
115.9197,17-Aug-17
115.4072,18-Aug-17
114.7579,21-Aug-17
115.3422,22-Aug-17
115.7188,23-Aug-17
116.5864,24-Aug-17
117.4007,28-Aug-17
116.3357,29-Aug-17
117.4484,30-Aug-17
118.4572,31-Aug-17
119.1257,01-Sep-17
118.4994,04-Sep-17
118.9008,05-Sep-17
118.8766,06-Sep-17
118.8568,07-Sep-17
119.3579,08-Sep-17
119.2918,11-Sep-17
121.0772,12-Sep-17
120.9414,13-Sep-17
122.1546,14-Sep-17
122.3783,15-Sep-17
122.0866,18-Sep-17
122.7173,19-Sep-17
123.3766,20-Sep-17
123.4178,21-Sep-17
121.2592,22-Sep-17
119.4349,25-Sep-17
119.8928,26-Sep-17
118.05,27-Sep-17
118.1507,28-Sep-17
119.0211,29-Sep-17
119.2692,03-Oct-17
120.1991,04-Oct-17
120.4082,05-Oct-17
121.075,06-Oct-17
121.5291,09-Oct-17
122.2766,10-Oct-17
121.2147,11-Oct-17
122.3755,12-Oct-17
122.6,13-Oct-17
122.3927,16-Oct-17
122.4678,17-Oct-17
122.5418,18-Oct-17
122.205,23-Oct-17
122.2983,24-Oct-17
121.6478,25-Oct-17
121.2496,26-Oct-17
121.465,27-Oct-17
122.73,30-Oct-17
122.8981,31-Oct-17
123.7657,01-Nov-17
125.3098,02-Nov-17
126.0644,03-Nov-17
126.5079,06-Nov-17
125.085,07-Nov-17
124.7042,08-Nov-17
126.2862,09-Nov-17
125.9985,10-Nov-17
125.6386,13-Nov-17
125.0272,14-Nov-17
124.7348,15-Nov-17
126.3487,16-Nov-17
127.8296,17-Nov-17
128.7282,20-Nov-17
129.4772,21-Nov-17
129.1843,22-Nov-17
129.4839,23-Nov-17
129.6574,24-Nov-17
129.9266,27-Nov-17
130.8252,28-Nov-17
131.424,29-Nov-17
132.0099,30-Nov-17
131.8365,01-Dec-17
132.0035,04-Dec-17
131.6053,05-Dec-17
130.9481,06-Dec-17
131.7058,07-Dec-17
133.4615,08-Dec-17
133.337,11-Dec-17
132.7948,12-Dec-17
131.5292,13-Dec-17
131.6717,14-Dec-17
132.7518,15-Dec-17
133.5866,18-Dec-17
135.3831,19-Dec-17
135.7144,20-Dec-17
136.3476,21-Dec-17
136.6069,22-Dec-17
137.968,26-Dec-17
137.5146,27-Dec-17
137.7446,28-Dec-17
137.4703,29-Dec-17
137.5624,01-Jan-18
136.2377,02-Jan-18
137.0089,03-Jan-18
137.5295,04-Jan-18
138.7819,05-Jan-18
138.7961,08-Jan-18
138.8053,09-Jan-18
138.7134,10-Jan-18
138.9791,11-Jan-18
138.7706,12-Jan-18
139.0161,15-Jan-18
137.925,16-Jan-18
137.8437,17-Jan-18
138.1759,18-Jan-18
140.5046,19-Jan-18
140.0659,22-Jan-18
139.7484,23-Jan-18
138.9574,24-Jan-18
138.5063,25-Jan-18
137.4388,29-Jan-18
137.4599,30-Jan-18
136.4956,31-Jan-18
136.8885,01-Feb-18
133.7307,02-Feb-18
133.2192,05-Feb-18
130.5193,06-Feb-18
131.7916,07-Feb-18
133.7517,08-Feb-18
133.4843,09-Feb-18
134.4866,12-Feb-18
134.4888,14-Feb-18
133.7644,15-Feb-18
132.7328,16-Feb-18
131.4134,19-Feb-18
131.0805,20-Feb-18
131.6231,21-Feb-18
131.3591,22-Feb-18
132.2708,23-Feb-18
133.2699,26-Feb-18
133.0779,27-Feb-18
132.6618,28-Feb-18
132.7341,01-Mar-18
131.7374,05-Mar-18
130.7685,06-Mar-18
129.238,07-Mar-18
129.5937,08-Mar-18
129.8938,09-Mar-18
130.3557,12-Mar-18
131.1004,13-Mar-18
131.3715,14-Mar-18
131.6075,15-Mar-18
130.3129,16-Mar-18
129.3734,19-Mar-18
129.1901,20-Mar-18
129.5845,21-Mar-18
128.9033,22-Mar-18
127.3637,23-Mar-18
128.8396,26-Mar-18
130.6383,27-Mar-18
130.2943,28-Mar-18
132.1678,02-Apr-18
133.1763,03-Apr-18
132.3443,04-Apr-18
134.4972,05-Apr-18
134.9119,06-Apr-18
135.5799,09-Apr-18
135.7003,10-Apr-18
135.84,11-Apr-18
136.3147,12-Apr-18
135.967,13-Apr-18
137.0039,16-Apr-18
136.6804,17-Apr-18
136.1634,18-Apr-18
136.7868,19-Apr-18
137.2636,20-Apr-18
137.797,23-Apr-18
137.9862,24-Apr-18
137.6596,25-Apr-18
138.6544,26-Apr-18
138.3679,27-Apr-18
138.7304,30-Apr-18
138.4982,02-May-18
136.9828,03-May-18
137.0451,04-May-18
137.3576,07-May-18
137.8373,08-May-18
137.6742,09-May-18
137.3348,10-May-18
136.9892,11-May-18
136.2094,14-May-18
136.2477,15-May-18
136.1138,16-May-18
136.3959,17-May-18
136.6301,18-May-18
135.0582,21-May-18
135.3002,22-May-18
134.7039,23-May-18
135.5543,24-May-18
136.9357,25-May-18
137.1654,28-May-18
136.0864,29-May-18
136.6003,30-May-18
137.0551,31-May-18
136.0126,01-Jun-18
133.9624,04-Jun-18
132.8787,05-Jun-18
134.2208,06-Jun-18
135.3428,07-Jun-18
135.4391,08-Jun-18
135.4926,11-Jun-18
136.0628,12-Jun-18
135.3725,13-Jun-18
135.4898,14-Jun-18
135.3905,15-Jun-18
135.0415,18-Jun-18
133.7377,19-Jun-18
133.8496,20-Jun-18
133.099,21-Jun-18
133.6815,22-Jun-18
133.0452,25-Jun-18
132.4477,26-Jun-18
130.8865,27-Jun-18
129.6089,28-Jun-18
130.8382,29-Jun-18
130.3396,02-Jul-18
131.3905,03-Jul-18
132.489,04-Jul-18
132.6564,05-Jul-18
132.9043,06-Jul-18
133.5914,09-Jul-18
133.9855,10-Jul-18
133.9062,11-Jul-18
134.4847,12-Jul-18
133.6636,13-Jul-18
132.027,16-Jul-18
133.1934,17-Jul-18
132.5832,18-Jul-18
131.401,19-Jul-18
132.2944,20-Jul-18
133.3894,23-Jul-18
133.5409,24-Jul-18
133.4788,25-Jul-18
133.9665,26-Jul-18
135.9273,27-Jul-18
136.4308,30-Jul-18
136.3575,31-Jul-18
136.4573,01-Aug-18
136.5092,02-Aug-18
137.9906,03-Aug-18
138.4407,06-Aug-18
138.454,07-Aug-18
138.7381,08-Aug-18
138.6349,09-Aug-18
138.8069,10-Aug-18
137.8793,13-Aug-18
138.2436,14-Aug-18
137.7058,16-Aug-18
137.9097,17-Aug-18
138.775,20-Aug-18
139.4706,21-Aug-18
139.0483,23-Aug-18
138.5113,24-Aug-18
139.6462,27-Aug-18
140.2837,28-Aug-18
140.357,29-Aug-18
140.5559,30-Aug-18
141.1062,31-Aug-18
139.9893,03-Sep-18
138.6994,04-Sep-18
138.1792,05-Sep-18
139.0889,06-Sep-18
139.6756,07-Sep-18
137.28,10-Sep-18
136.3315,11-Sep-18
137.241,12-Sep-18
138.4457,14-Sep-18
137.1611,17-Sep-18
135.8509,18-Sep-18
135.248,19-Sep-18
133.8682,21-Sep-18
130.8355,24-Sep-18
130.6429,25-Sep-18
130.2919,26-Sep-18
128.529,27-Sep-18
127.5569,28-Sep-18
126.8411,01-Oct-18
125.8218,03-Oct-18
123.9241,04-Oct-18
121.7285,05-Oct-18
121.1401,08-Oct-18
120.5434,09-Oct-18
124.6341,10-Oct-18
122.093,11-Oct-18
124.3592,12-Oct-18
124.2955,15-Oct-18
125.1864,16-Oct-18
123.6021,17-Oct-18
121.7303,19-Oct-18
121.0186,22-Oct-18
119.9803,23-Oct-18
121.4025,24-Oct-18
120.6393,25-Oct-18
120.8904,26-Oct-18
122.9972,29-Oct-18
123.3642,30-Oct-18
124.5338,31-Oct-18
125.2886,01-Nov-18
126.4951,02-Nov-18
126.5889,05-Nov-18
125.5313,06-Nov-18
126.9495,09-Nov-18
125.723,12-Nov-18
125.9011,13-Nov-18
126.1331,14-Nov-18
126.6112,15-Nov-18
127.4966,16-Nov-18
127.5953,19-Nov-18
126.8661,20-Nov-18
127.0622,21-Nov-18
126.5223,22-Nov-18
126.744,26-Nov-18
127.188,27-Nov-18
126.7453,28-Nov-18
127.7304,29-Nov-18
128.5872,30-Nov-18
128.748,03-Dec-18
129.1492,04-Dec-18
128.1046,05-Dec-18
126.3481,06-Dec-18
127.6541,07-Dec-18
125.4036,10-Dec-18
126.3567,11-Dec-18
128.8387,12-Dec-18
129.7984,13-Dec-18
129.9908,14-Dec-18
130.16,17-Dec-18
131.1207,18-Dec-18
132.2375,19-Dec-18
132.4657,20-Dec-18
131.1557,21-Dec-18
130.0885,24-Dec-18
130.569,26-Dec-18
130.9936,27-Dec-18
131.7238,28-Dec-18
132.2276,31-Dec-18
132.6721,01-Jan-19
131.5304,02-Jan-19
130.7688,03-Jan-19
130.8525,04-Jan-19
130.6318,07-Jan-19
130.1752,08-Jan-19
130.4411,09-Jan-19
130.6214,10-Jan-19
130.3244,11-Jan-19
129.8821,14-Jan-19
130.6166,15-Jan-19
130.4862,16-Jan-19
130.4939,17-Jan-19
129.9757,18-Jan-19
130.2733,21-Jan-19
130.0936,22-Jan-19
129.2491,23-Jan-19
129.301,24-Jan-19
128.7182,25-Jan-19
126.5856,28-Jan-19
126.4693,29-Jan-19
126.406,30-Jan-19
127.8178,31-Jan-19
127.8936,01-Feb-19
128.0664,04-Feb-19
128.0016,05-Feb-19
129.065,06-Feb-19
129.5371,07-Feb-19
129.1467,08-Feb-19
128.3491,11-Feb-19
127.9301,12-Feb-19
127.9948,13-Feb-19
127.563,14-Feb-19
126.7077,15-Feb-19
125.7516,18-Feb-19
126.5966,19-Feb-19
127.6736,20-Feb-19
128.4859,21-Feb-19
128.4719,22-Feb-19
129.0573,25-Feb-19
129.0109,26-Feb-19
128.8581,27-Feb-19
129.3206,28-Feb-19
130.2308,01-Mar-19
132.5407,05-Mar-19
133.3315,06-Mar-19
133.1278,07-Mar-19
132.8665,08-Mar-19
134.6832,11-Mar-19
135.8129,12-Mar-19
135.9424,13-Mar-19
136.0903,14-Mar-19
136.7913,15-Mar-19
137.4839,18-Mar-19
138.0039,19-Mar-19
137.9276,20-Mar-19
137.403,22-Mar-19
136.4841,25-Mar-19
137.7804,26-Mar-19
137.642,27-Mar-19
139.1274,28-Mar-19
140.5505,29-Mar-19
141.3227,01-Apr-19
141.72,02-Apr-19
141.1316,03-Apr-19
141.5525,04-Apr-19
142.5308,05-Apr-19
141.8484,08-Apr-19
141.5991,09-Apr-19
141.2362,10-Apr-19
141.8933,11-Apr-19
142.1266,12-Apr-19
143.1373,15-Apr-19
143.7004,16-Apr-19
143.0215,18-Apr-19
140.9565,22-Apr-19
140.7439,23-Apr-19
141.8723,24-Apr-19
141.5705,25-Apr-19
141.4553,26-Apr-19
141.6656,30-Apr-19
141.9869,02-May-19
142.3191,03-May-19
141.2296,06-May-19
140.6725,07-May-19
139.3382,08-May-19
138.8209,09-May-19
139.2785,10-May-19
137.996,13-May-19
138.4031,14-May-19
138.6086,15-May-19
138.7046,16-May-19
139.9833,17-May-19
143.4147,20-May-19
142.3471,21-May-19
142.8304,22-May-19
142.5084,23-May-19
145.4907,24-May-19
146.53,27-May-19
146.5248,28-May-19
145.7904,29-May-19
146.4103,30-May-19
146.6441,31-May-19
147.8847,03-Jun-19
147.0724,04-Jun-19
145.0189,06-Jun-19
145.0461,07-Jun-19
145.1073,10-Jun-19
145.3519,11-Jun-19
144.435,12-Jun-19
144.1755,13-Jun-19
143.4099,14-Jun-19
142.3596,17-Jun-19
142.0708,18-Jun-19
142.0622,19-Jun-19
143.4336,20-Jun-19
142.6456,21-Jun-19
142.2863,24-Jun-19
143.8971,25-Jun-19
145.3813,26-Jun-19
145.1805,27-Jun-19
145.1786,28-Jun-19
145.5739,01-Jul-19
146.4499,02-Jul-19
146.4556,03-Jul-19
147.2317,04-Jul-19
145.9355,05-Jul-19
143.0688,08-Jul-19
143.2365,09-Jul-19
142.018,10-Jul-19
142.7604,11-Jul-19
142.7547,12-Jul-19
142.7556,15-Jul-19
143.4424,16-Jul-19
144.2606,17-Jul-19
143.4796,18-Jul-19
141.8096,19-Jul-19
140.6877,22-Jul-19
140.3818,23-Jul-19
139.6632,24-Jul-19
139.319,25-Jul-19
139.9612,26-Jul-19
139.5982,29-Jul-19
138.5474,30-Jul-19
139.1256,31-Jul-19
137.6388,01-Aug-19
137.1386,02-Aug-19
135.0813,05-Aug-19
136.4984,06-Aug-19
135.8967,07-Aug-19
137.0733,08-Aug-19
137.5282,09-Aug-19
134.381,13-Aug-19
135.0412,14-Aug-19
135.5542,16-Aug-19
135.0339,19-Aug-19
135.0773,20-Aug-19
134.1654,21-Aug-19
132.7232,22-Aug-19
133.3153,23-Aug-19
135.3958,26-Aug-19
136.4363,27-Aug-19
135.4835,28-Aug-19
134.6066,29-Aug-19
135.0878,30-Aug-19
133.6312,03-Sep-19
134.153,04-Sep-19
134.2579,05-Sep-19
135.9725,06-Sep-19
136.6221,09-Sep-19
137.0669,11-Sep-19
136.7943,12-Sep-19
137.3434,13-Sep-19
137.4952,16-Sep-19
135.5559,17-Sep-19
135.89,18-Sep-19
134.7787,19-Sep-19
140.9978,20-Sep-19
144.8331,23-Sep-19
144.6835,24-Sep-19
143.6097,25-Sep-19
145.4378,26-Sep-19
145.8529,27-Sep-19
145.2955,30-Sep-19
143.805,01-Oct-19
142.7017,03-Oct-19
140.8098,04-Oct-19
140.4963,07-Oct-19
142.4636,09-Oct-19
141.7639,10-Oct-19
142.4058,11-Oct-19
143.3318,14-Oct-19
143.2674,15-Oct-19
143.8917,16-Oct-19
145.5303,17-Oct-19
147.6913,18-Oct-19
147.5129,22-Oct-19
147.2345,23-Oct-19
146.8451,24-Oct-19
147.0828,25-Oct-19
148.2917,29-Oct-19
149.2915,30-Oct-19
149.733,31-Oct-19
150.0794,01-Nov-19
150.5571,04-Nov-19
150.2164,05-Nov-19
150.4042,06-Nov-19
150.4672,07-Nov-19
149.448,08-Nov-19
150.1635,11-Nov-19
148.4426,13-Nov-19
148.6496,14-Nov-19
150.658,15-Nov-19
150.9672,18-Nov-19
152.2286,19-Nov-19
152.5825,20-Nov-19
151.878,21-Nov-19
150.8827,22-Nov-19
153.0986,25-Nov-19
152.2517,26-Nov-19
152.8499,27-Nov-19
153.0548,28-Nov-19
152.6944,29-Nov-19
152.5376,02-Dec-19
151.9879,03-Dec-19
152.9105,04-Dec-19
152.2247,05-Dec-19
150.814,06-Dec-19
150.8636,09-Dec-19
150.2649,10-Dec-19
149.8914,11-Dec-19
150.7384,12-Dec-19
151.4953,13-Dec-19
150.9448,16-Dec-19
152.0416,17-Dec-19
151.7944,18-Dec-19
152.4965,19-Dec-19
153.398,20-Dec-19
153.5655,23-Dec-19
153.1748,24-Dec-19
152.4124,26-Dec-19
153.6977,27-Dec-19
153.7587,30-Dec-19
153.4682,31-Dec-19
153.4303,01-Jan-20
154.0069,02-Jan-20
153.721,03-Jan-20
151.448,06-Jan-20
152.0281,07-Jan-20
152.0505,08-Jan-20
153.6415,09-Jan-20
154.2025,10-Jan-20
155.1326,13-Jan-20
155.6019,14-Jan-20
155.8808,15-Jan-20
156.9061,16-Jan-20
158.331,17-Jan-20
157.8409,20-Jan-20
157.1179,21-Jan-20
157.2576,22-Jan-20
158.0182,23-Jan-20
159.0936,24-Jan-20
157.725,27-Jan-20
157.153,28-Jan-20
158.2097,29-Jan-20
157.5593,30-Jan-20
157.981,31-Jan-20
156.8164,03-Feb-20
158.9213,04-Feb-20
159.8827,05-Feb-20
161.1316,06-Feb-20
161.3879,07-Feb-20
161.1443,10-Feb-20
161.7747,11-Feb-20
161.7625,12-Feb-20
162.3673,13-Feb-20
161.7569,14-Feb-20
161.5491,17-Feb-20
160.5029,18-Feb-20
162.1772,19-Feb-20
162.4939,20-Feb-20
160.7252,24-Feb-20
160.3462,25-Feb-20
159.9048,26-Feb-20
159.6348,27-Feb-20
155.0527,28-Feb-20
153.5835,02-Mar-20
154.9032,03-Mar-20
152.9403,04-Mar-20
154.2204,05-Mar-20
151.8796,06-Mar-20
147.1121,09-Mar-20
145.7872,11-Mar-20
135.2125,12-Mar-20
139.9579,13-Mar-20
133.5231,16-Mar-20
130.3965,17-Mar-20
125.1503,18-Mar-20
121.62,19-Mar-20
124.1892,20-Mar-20
109.2024,23-Mar-20
110.7483,24-Mar-20
115.6708,25-Mar-20
119.5455,26-Mar-20
119.8656,27-Mar-20
116.6575,30-Mar-20
119.811,31-Mar-20
117.3625,01-Apr-20
117.3625,01-Apr-20
115.8109,03-Apr-20
115.8109,03-Apr-20
121.9315,07-Apr-20
121.9315,07-Apr-20
122.9091,08-Apr-20
122.9091,08-Apr-20
126.7726,09-Apr-20
126.7726,09-Apr-20
125.4789,13-Apr-20
125.4789,13-Apr-20
125.2403,15-Apr-20
125.2403,15-Apr-20
125.5192,16-Apr-20
125.5192,16-Apr-20
127.6805,17-Apr-20
127.6805,17-Apr-20
127.9854,20-Apr-20
127.9854,20-Apr-20
125.5608,21-Apr-20
125.5608,21-Apr-20
126.5255,22-Apr-20
126.5255,22-Apr-20
127.7973,23-Apr-20
127.7973,23-Apr-20
125.36,24-Apr-20
125.36,24-Apr-20
125.8603,27-Apr-20
125.8603,27-Apr-20
126.8115,28-Apr-20
126.8115,28-Apr-20
128.2183,29-Apr-20
128.2183,29-Apr-20
130.6701,30-Apr-20
130.6701,30-Apr-20
125.1976,04-May-20
125.1976,04-May-20
123.4481,05-May-20
123.4481,05-May-20
125.0929,06-May-20
125.0929,06-May-20
124.2366,07-May-20
124.2366,07-May-20
123.4413,08-May-20
123.4413,08-May-20
124.2333,11-May-20
124.2333,11-May-20
124.8237,12-May-20
124.8237,12-May-20
126.7624,13-May-20
126.7624,13-May-20
124.9576,14-May-20
124.9576,14-May-20
124.6172,15-May-20
124.6172,15-May-20
120.9285,18-May-20
120.9285,18-May-20
122.3221,19-May-20
122.3221,19-May-20
124.0155,20-May-20
124.0155,20-May-20
124.3568,21-May-20
124.3568,21-May-20
122.9208,22-May-20
122.9208,22-May-20
122.5225,26-May-20
122.5225,26-May-20
124.5082,27-May-20
124.5082,27-May-20
125.4643,28-May-20
125.4643,28-May-20
126.562,29-May-20
126.562,29-May-20
130.5218,01-Jun-20
130.5218,01-Jun-20
133.0622,02-Jun-20
133.0622,02-Jun-20
134.2027,03-Jun-20
134.2027,03-Jun-20
133.2577,04-Jun-20
133.2577,04-Jun-20
135.5569,05-Jun-20
135.5569,05-Jun-20
135.6022,08-Jun-20
135.6022,08-Jun-20
133.8322,09-Jun-20
133.8322,09-Jun-20
135.3889,10-Jun-20
135.3889,10-Jun-20
133.0734,11-Jun-20
133.0734,11-Jun-20
133.3864,12-Jun-20
133.3864,12-Jun-20
131.431,15-Jun-20
131.431,15-Jun-20
131.8383,16-Jun-20
131.8383,16-Jun-20
132.1848,17-Jun-20
132.1848,17-Jun-20
134.6409,18-Jun-20
134.6409,18-Jun-20
135.8326,19-Jun-20
135.8326,19-Jun-20
137.2547,22-Jun-20
137.2547,22-Jun-20
139.0014,23-Jun-20
139.0014,23-Jun-20
138.1214,24-Jun-20
138.1214,24-Jun-20
138.1976,25-Jun-20
138.1976,25-Jun-20
138.3614,26-Jun-20
137.2425,29-Jun-20
136.9039,30-Jun-20
137.807,01-Jul-20
138.4488,02-Jul-20
139.6071,03-Jul-20
140.9074,06-Jul-20
141.7782,07-Jul-20
140.9123,08-Jul-20
141.9451,09-Jul-20
141.1133,10-Jul-20
140.7726,13-Jul-20
138.6989,14-Jul-20
137.9868,15-Jul-20
138.4279,16-Jul-20
140.513,17-Jul-20
141.9908,20-Jul-20
142.3471,21-Jul-20
142.2511,22-Jul-20
143.383,23-Jul-20
141.5823,24-Jul-20
140.4406,27-Jul-20
141.2373,28-Jul-20
141.1576,29-Jul-20
140.7283,30-Jul-20
141.4258,31-Jul-20
140.0776,03-Aug-20
141.6241,04-Aug-20
141.9241,05-Aug-20
142.0748,06-Aug-20
143.4431,07-Aug-20
144.5777,10-Aug-20
144.821,11-Aug-20
144.9195,12-Aug-20
145.925,13-Aug-20
144.843,14-Aug-20
145.617,17-Aug-20
146.9911,18-Aug-20
147.6393,19-Aug-20
147.4125,20-Aug-20
148.5286,21-Aug-20
150.642,24-Aug-20
151.5753,25-Aug-20
151.8536,26-Aug-20
152.4205,27-Aug-20
153.4224,28-Aug-20
149.0033,31-Aug-20
150.5033,01-Sep-20
151.7639,02-Sep-20
151.773,03-Sep-20
149.4154,04-Sep-20
148.1588,07-Sep-20
146.7233,08-Sep-20
145.981,09-Sep-20
146.8613,10-Sep-20
147.2374,11-Sep-20
147.5568,14-Sep-20
148.6755,15-Sep-20
149.0352,16-Sep-20
147.8986,17-Sep-20
147.2378,18-Sep-20
143.4576,21-Sep-20
141.4947,22-Sep-20
141.0592,23-Sep-20
137.357,24-Sep-20
140.218,25-Sep-20
142.9739,28-Sep-20
143.2311,29-Sep-20
143.1266,30-Sep-20
144.721,01-Oct-20
144.7329,05-Oct-20
146.1567,06-Oct-20
145.8795,07-Oct-20
145.6698,08-Oct-20
146.3733,09-Oct-20
145.8152,12-Oct-20
145.5689,13-Oct-20
146.0956,14-Oct-20
143.6164,15-Oct-20
145.315,16-Oct-20
146.4651,19-Oct-20
146.0267,20-Oct-20
146.3229,21-Oct-20
147.3169,22-Oct-20
147.8348,23-Oct-20
147.1171,26-Oct-20
149.6209,27-Oct-20
148.756,28-Oct-20
147.7329,29-Oct-20
147.5161,30-Oct-20
147.8914,02-Nov-20
148.2937,03-Nov-20
150.2654,04-Nov-20
152.9882,05-Nov-20
155.2594,06-Nov-20
157.3364,09-Nov-20
158.6611,10-Nov-20
158.7128,11-Nov-20
158.5936,12-Nov-20
159.4421,13-Nov-20
161.3477,17-Nov-20
162.7814,18-Nov-20
160.9624,19-Nov-20
164.2228,20-Nov-20
165.3385,23-Nov-20
166.181,24-Nov-20
164.0953,25-Nov-20
165.8622,26-Nov-20
166.5899,27-Nov-20
168.1116,01-Dec-20
168.4222,02-Dec-20
169.7615,03-Dec-20
170.0767,04-Dec-20
171.1444,07-Dec-20
171.3575,08-Dec-20
172.3942,09-Dec-20
171.8565,10-Dec-20
171.8103,11-Dec-20
172.0419,14-Dec-20
172.3584,15-Dec-20
173.8658,16-Dec-20
174.8284,17-Dec-20
174.4659,18-Dec-20
170.5737,21-Dec-20
171.3011,22-Dec-20
172.5467,23-Dec-20
174.1511,24-Dec-20
174.9298,28-Dec-20
175.1274,29-Dec-20
175.8422,30-Dec-20
175.7817,31-Dec-20
176.4778,01-Jan-21
177.6679,04-Jan-21
178.6707,05-Jan-21
178.4867,06-Jan-21
178.1989,07-Jan-21
180.3747,08-Jan-21
180.2115,11-Jan-21
180.2867,12-Jan-21
178.5298,13-Jan-21
178.8145,14-Jan-21
177.9312,15-Jan-21
176.4609,18-Jan-21
179.0742,19-Jan-21
179.948,20-Jan-21
179.1972,21-Jan-21
178.3933,22-Jan-21
177.0006,25-Jan-21
174.7684,27-Jan-21
172.3182,28-Jan-21
171.0442,29-Jan-21
174.9618,01-Feb-21
179.141,02-Feb-21
181.0523,03-Feb-21
184.5243,04-Feb-21
185.901,05-Feb-21
187.0185,08-Feb-21
186.7135,09-Feb-21
187.5244,10-Feb-21
188.2502,11-Feb-21
188.19,12-Feb-21
189.9065,15-Feb-21
190.9578,16-Feb-21
190.5305,17-Feb-21
190.7306,18-Feb-21
189.07,19-Feb-21
187.0535,22-Feb-21
186.9333,23-Feb-21
189.0523,24-Feb-21
189.9502,25-Feb-21
185.8447,26-Feb-21
186.1961,01-Mar-21
188.7637,02-Mar-21
191.3925,03-Mar-21
191.7238,04-Mar-21
190.6295,05-Mar-21
190.7052,08-Mar-21
190.6227,09-Mar-21
191.6134,10-Mar-21
190.8621,12-Mar-21
188.9685,15-Mar-21
189.1907,16-Mar-21
187.0714,17-Mar-21
185.3886,18-Mar-21
186.2812,19-Mar-21
185.5841,22-Mar-21
186.849,23-Mar-21
185.0221,24-Mar-21
182.0957,25-Mar-21
184.8694,26-Mar-21
187.8756,30-Mar-21
187.075,31-Mar-21
188.3177,01-Apr-21
186.5647,05-Apr-21
187.8361,06-Apr-21
189.288,07-Apr-21
190.249,08-Apr-21
190.1428,09-Apr-21
184.8166,12-Apr-21
186.5879,13-Apr-21
187.2443,15-Apr-21
188.8013,16-Apr-21
186.8756,19-Apr-21
186.4742,20-Apr-21
187.305,22-Apr-21
187.0858,23-Apr-21
187.9138,26-Apr-21
189.3435,27-Apr-21
191.7462,28-Apr-21
192.0494,29-Apr-21
191.4168,30-Apr-21
192.1538,03-May-21
191.1385,04-May-21
191.2878,05-May-21
191.3408,06-May-21
191.9133,07-May-21
193.9594,10-May-21
193.1265,11-May-21
192.2367,12-May-21
190.7003,14-May-21
192.2336,17-May-21
195.6053,18-May-21
196.4568,19-May-21
194.9956,20-May-21
196.9496,21-May-21
197.3002,24-May-21
198.6714,25-May-21
198.6873,26-May-21
199.0745,27-May-21
199.6902,28-May-21
202.1445,31-May-21
201.6491,01-Jun-21
203.4424,02-Jun-21
205.2098,03-Jun-21
204.5401,04-Jun-21
206.0257,07-Jun-21
206.5961,08-Jun-21
206.4498,09-Jun-21
209.1088,10-Jun-21
209.034,11-Jun-21
209.4062,14-Jun-21
210.4999,15-Jun-21
209.3196,16-Jun-21
208.0474,17-Jun-21
208.0429,18-Jun-21
207.9118,21-Jun-21
208.9692,22-Jun-21
209.3928,23-Jun-21
209.1341,24-Jun-21
209.6632,25-Jun-21
209.8547,28-Jun-21
209.2546,29-Jun-21
210.2459,30-Jun-21
209.7399,01-Jul-21
211.9443,02-Jul-21
214.1709,05-Jul-21
213.4017,06-Jul-21
214.6897,07-Jul-21
213.0435,08-Jul-21
213.2483,09-Jul-21
214.3938,12-Jul-21
215.2591,13-Jul-21
215.7386,14-Jul-21
215.5697,15-Jul-21
216.3018,16-Jul-21
214.1192,19-Jul-21
212.1637,20-Jul-21
216.5358,22-Jul-21
215.3431,23-Jul-21
215.4941,26-Jul-21
214.6786,27-Jul-21
214.3562,28-Jul-21
215.2375,29-Jul-21
216.0174,30-Jul-21
216.7825,02-Aug-21
218.0827,03-Aug-21
218.5792,04-Aug-21
219.3507,05-Aug-21
218.7791,06-Aug-21
217.9911,09-Aug-21
218.4603,10-Aug-21
217.8596,11-Aug-21
219.8842,12-Aug-21
221.2048,13-Aug-21
220.9292,16-Aug-21
220.8291,17-Aug-21
220.5697,18-Aug-21
218.7944,20-Aug-21
219.9325,23-Aug-21
222.2229,24-Aug-21
222.5081,25-Aug-21
222.8263,26-Aug-21
224.6697,27-Aug-21
228.8139,30-Aug-21
231.3037,31-Aug-21
231.5192,01-Sep-21
231.8554,02-Sep-21
231.448,03-Sep-21
231.9864,06-Sep-21
233.3981,07-Sep-21
234.4993,08-Sep-21
235.089,09-Sep-21
235.373,13-Sep-21
238.1108,14-Sep-21
239.1929,15-Sep-21
240.7587,16-Sep-21
239.9384,17-Sep-21
238.9619,20-Sep-21
238.9533,21-Sep-21
239.5026,22-Sep-21
241.4552,23-Sep-21
241.4749,24-Sep-21
239.6141,27-Sep-21
238.0034,28-Sep-21
236.8961,29-Sep-21
237.8535,30-Sep-21
238.6724,01-Oct-21
241.3664,04-Oct-21
241.474,05-Oct-21
240.8312,06-Oct-21
243.738,07-Oct-21
243.5765,08-Oct-21
245.9817,11-Oct-21
245.6502,12-Oct-21
246.7986,13-Oct-21
248.7375,14-Oct-21
249.77,18-Oct-21
248.5929,19-Oct-21
246.6279,20-Oct-21
246.316,21-Oct-21
246.9553,22-Oct-21
244.871,25-Oct-21
246.8274,26-Oct-21
248.2237,27-Oct-21
245.9024,28-Oct-21
246.6133,29-Oct-21
250.9666,01-Nov-21
251.6384,02-Nov-21
251.3624,03-Nov-21
255.0912,08-Nov-21
256.1193,09-Nov-21
258.4043,10-Nov-21
256.9319,11-Nov-21
259.671,12-Nov-21
261.3127,15-Nov-21
259.8123,16-Nov-21
258.8908,17-Nov-21
256.8435,18-Nov-21
255.0293,22-Nov-21
256.0196,23-Nov-21
256.0158,24-Nov-21
257.2406,25-Nov-21
252.9484,26-Nov-21
251.763,29-Nov-21
253.7477,30-Nov-21
253.2302,01-Dec-21
254.027,02-Dec-21
252.6792,03-Dec-21
249.0928,06-Dec-21
250.978,07-Dec-21
254.8614,08-Dec-21
255.6138,09-Dec-21
254.0917,10-Dec-21
253.3744,13-Dec-21
250.7383,14-Dec-21
249.6727,15-Dec-21
249.5576,16-Dec-21
245.7596,17-Dec-21
240.3387,20-Dec-21
241.5069,21-Dec-21
245.9044,22-Dec-21
248.7819,23-Dec-21
247.13,24-Dec-21
248.3317,27-Dec-21
249.788,28-Dec-21
249.8165,29-Dec-21
249.7295,30-Dec-21
251.336,31-Dec-21
253.0112,03-Jan-22
254.3119,04-Jan-22
253.7222,05-Jan-22
251.2435,06-Jan-22
251.1049,07-Jan-22
251.2961,10-Jan-22
250.3701,11-Jan-22
252.5768,12-Jan-22
252.6271,13-Jan-22
251.3531,14-Jan-22
252.6381,17-Jan-22
251.0332,18-Jan-22
249.4733,19-Jan-22
249.411,20-Jan-22
244.5152,21-Jan-22
236.2989,24-Jan-22
236.8201,25-Jan-22
233.4433,27-Jan-22
234.0538,28-Jan-22
235.6539,31-Jan-22
239.0861,01-Feb-22
242.4976,02-Feb-22
241.5815,03-Feb-22
240.5633,04-Feb-22
237.8844,07-Feb-22
237.8185,08-Feb-22
240.0647,09-Feb-22
241.4331,10-Feb-22
237.7156,11-Feb-22
230.7845,14-Feb-22
235.0053,15-Feb-22
236.5169,16-Feb-22
235.0795,17-Feb-22
232.7048,18-Feb-22
231.2126,21-Feb-22
230.8266,22-Feb-22
230.4085,23-Feb-22
222.3663,24-Feb-22
229.3896,25-Feb-22
230.7068,28-Feb-22
229.3288,02-Mar-22
228.1818,03-Mar-22
223.6718,04-Mar-22
219.4493,07-Mar-22
219.809,08-Mar-22
223.4195,09-Mar-22
227.373,10-Mar-22
227.157,11-Mar-22
228.4222,14-Mar-22
225.9328,15-Mar-22
228.6463,16-Mar-22
231.3579,17-Mar-22
231.8039,21-Mar-22
231.8887,22-Mar-22
231.3104,23-Mar-22
229.4956,24-Mar-22
229.0854,25-Mar-22
229.5825,28-Mar-22
231.9265,29-Mar-22
233.5792,30-Mar-22
233.4869,31-Mar-22
234.9157,01-Apr-22
238.1849,04-Apr-22
239.6202,05-Apr-22
238.2656,06-Apr-22
236.979,07-Apr-22
237.7605,08-Apr-22
237.9142,11-Apr-22
235.1925,12-Apr-22
234.4709,13-Apr-22
233.2784,18-Apr-22
231.9602,19-Apr-22
234.5608,20-Apr-22
232.3962,21-Apr-22
229.5049,22-Apr-22
227.3531,25-Apr-22
229.234,26-Apr-22
226.0205,27-Apr-22
226.5405,28-Apr-22
225.8552,29-Apr-22
224.8708,02-May-22
221.9523,04-May-22
221.9945,05-May-22
218.7656,06-May-22
217.4738,09-May-22
215.3216,10-May-22
214.6126,11-May-22
210.6075,12-May-22
209.7073,13-May-22
212.2255,16-May-22
215.1471,17-May-22
214.8204,18-May-22
210.3716,19-May-22
213.4482,20-May-22
212.012,23-May-22
212.1812,24-May-22
209.8041,25-May-22
211.3803,26-May-22
213.1913,27-May-22
215.5333,30-May-22
215.8168,31-May-22
215.4568,01-Jun-22
215.8503,02-Jun-22
214.7227,03-Jun-22
213.4546,06-Jun-22
212.5546,07-Jun-22
211.7307,08-Jun-22
211.8862,09-Jun-22
209.872,10-Jun-22
205.3476,13-Jun-22
204.5274,14-Jun-22
205.4725,15-Jun-22
203.3085,16-Jun-22
201.6708,17-Jun-22
201.3354,20-Jun-22
204.3471,21-Jun-22
203.3033,22-Jun-22
205.2578,23-Jun-22
206.9135,24-Jun-22
209.28,27-Jun-22
208.3371,28-Jun-22
206.686,29-Jun-22
206.9236,30-Jun-22
207.3535,01-Jul-22
209.4664,04-Jul-22
209.5713,05-Jul-22
212.7522,06-Jul-22
214.758,07-Jul-22
215.4969,08-Jul-22
215.2279,11-Jul-22
213.5288,12-Jul-22
212.6864,13-Jul-22
212.4977,14-Jul-22
213.5242,15-Jul-22
216.3699,18-Jul-22
217.0238,19-Jul-22
217.7107,20-Jul-22
219.6608,21-Jul-22
220.2911,22-Jul-22
219.3961,25-Jul-22
217.8065,26-Jul-22
218.6377,27-Jul-22
222.3563,28-Jul-22
224.1716,29-Jul-22
226.573,01-Aug-22
227.0223,02-Aug-22
226.781,03-Aug-22
227.9477,04-Aug-22
228.8319,05-Aug-22
229.8289,08-Aug-22
229.1749,10-Aug-22
231.535,11-Aug-22
231.0344,12-Aug-22
232.4864,16-Aug-22
234.2287,17-Aug-22
234.7707,18-Aug-22
232.779,19-Aug-22
229.2721,22-Aug-22
229.2801,23-Aug-22
229.1587,24-Aug-22
229.7819,25-Aug-22
230.0191,26-Aug-22
227.2369,29-Aug-22
231.6479,30-Aug-22
230.126,01-Sep-22
230.5877,02-Sep-22
231.5319,05-Sep-22
231.5195,06-Sep-22
231.4331,07-Sep-22
233.2921,08-Sep-22
234.5415,09-Sep-22
235.6477,12-Sep-22
237.0147,13-Sep-22
236.3344,14-Sep-22
237.0068,15-Sep-22
234.7076,16-Sep-22
235.5176,19-Sep-22
238.1869,20-Sep-22
237.2705,21-Sep-22
236.4015,22-Sep-22
233.4691,23-Sep-22
227.5799,26-Sep-22
227.6391,27-Sep-22
227.4333,28-Sep-22
227.5157,29-Sep-22
230.7184,30-Sep-22
228.9804,03-Oct-22
233.3834,04-Oct-22
233.7199,06-Oct-22
233.9656,07-Oct-22
231.4343,10-Oct-22
228.34,11-Oct-22
228.4984,12-Oct-22
227.2787,13-Oct-22
228.9906,14-Oct-22
230.1002,17-Oct-22
232.8837,18-Oct-22
232.3421,19-Oct-22
233.1428,20-Oct-22
231.6836,21-Oct-22
234.5387,25-Oct-22
234.2536,27-Oct-22
233.1095,28-Oct-22
235.4518,31-Oct-22
237.5153,01-Nov-22
235.1628,02-Nov-22
234.5169,03-Nov-22
234.9808,04-Nov-22
235.461,07-Nov-22
234.9016,09-Nov-22
233.4954,10-Nov-22
233.7724,11-Nov-22
233.5192,14-Nov-22
234.3889,15-Nov-22
234.1394,16-Nov-22
233.6821,17-Nov-22
232.7687,18-Nov-22
232.5955,21-Nov-22
232.2149,22-Nov-22
232.7714,23-Nov-22
234.4079,24-Nov-22
234.0629,25-Nov-22
234.2292,28-Nov-22
233.8796,29-Nov-22
235.2603,30-Nov-22
237.5278,01-Dec-22
237.0965,02-Dec-22
237.2801,05-Dec-22
236.3222,06-Dec-22
235.0531,07-Dec-22
234.5192,08-Dec-22
234.2178,09-Dec-22
234.0507,12-Dec-22
235.0411,13-Dec-22
235.6423,14-Dec-22
233.7062,15-Dec-22
231.3806,16-Dec-22
231.56,19-Dec-22
231.2632,20-Dec-22
229.2961,21-Dec-22
229.2696,22-Dec-22
225.917,23-Dec-22
228.4033,26-Dec-22
229.1672,27-Dec-22
229.169,28-Dec-22
229.6791,29-Dec-22
230.0048,30-Dec-22
